duty [%],rpm [rpm],thrust [gf],torque [N*m],voltage [V],current [A],power_elec [W],power_shaft [W],efficiency_drive [%],specific_thrust [gf/W],tip_mach [1]
0,0,0,0,25.2,0,0,0,0,0,0
5,2097.27,8.80396,0.000989198,25.2,0.0370843,0.934523,0.217253,23.2475,9.4208,0.0418025
10,4213.47,35.5344,0.00399259,25.2,0.135304,3.40965,1.76166,51.667,10.4217,0.0839824
15,6280.01,78.9387,0.00886943,25.2,0.345942,8.71775,5.8329,66.9083,9.05494,0.125172
20,8300.23,137.895,0.0154937,25.2,0.715686,18.0353,13.4671,74.6708,7.64587,0.165439
25,10277.1,211.403,0.0237529,25.2,1.28724,32.4384,25.5633,78.8057,6.51707,0.204842
30,12213.3,298.564,0.0335462,25.2,2.09983,52.9156,42.9048,81.0815,5.64227,0.243435
35,14111.3,398.569,0.0447825,25.2,3.18964,80.3789,66.1766,82.3307,4.95862,0.281265
40,15973.2,510.685,0.0573797,25.2,4.59017,115.672,95.9795,82.9753,4.41492,0.318376
45,17801,634.246,0.0712629,25.2,6.33254,159.58,132.842,83.245,3.97447,0.354807
50,19596.5,768.647,0.0863639,25.2,8.44572,212.832,177.231,83.2728,3.61152,0.390595
55,21361.4,913.333,0.102621,25.2,10.9568,276.111,229.558,83.1398,3.30784,0.425773
60,23097.2,1067.79,0.119976,25.2,13.8911,350.057,290.189,82.8976,3.05034,0.46037
65,24805.2,1231.56,0.138376,25.2,17.2726,435.269,359.446,82.5802,2.82943,0.494415
70,26486.9,1404.2,0.157774,25.2,21.1235,532.313,437.618,82.2106,2.63793,0.527933
75,28143.2,1585.32,0.178124,25.2,25.4652,641.722,524.959,81.8048,2.47042,0.560948
80,29775.5,1774.55,0.199385,25.2,30.3174,763.999,621.699,81.3742,2.32271,0.593481
85,31384.6,1971.53,0.221518,25.2,35.6993,899.622,728.038,80.9271,2.19151,0.625554
90,32971.6,2175.95,0.244486,25.2,41.6287,1049.04,844.157,80.4692,2.07423,0.657186
95,34537.3,2387.51,0.268257,25.2,48.1227,1212.69,970.216,80.0052,1.96877,0.688393
100,36082.6,2605.94,0.292799,25.2,55.1974,1390.98,1106.36,79.5382,1.87346,0.719193
