charge_ah,observed_gap_v,low80_high80_gap_discrepancy_v,low80_high120_gap_discrepancy_v,low120_high80_gap_discrepancy_v,low120_high120_gap_discrepancy_v
0.5,0.21858215165167882,-0.04509206669835475,-0.04614860967707024,-0.045094325378467914,-0.046150868357183406
1.0,0.23304277742509605,-0.04523788917549476,-0.046210523125282066,-0.045240338896982646,-0.04621297284676995
1.5,0.24818116710584182,-0.06161139615175726,-0.06214517166939748,-0.06160323262425349,-0.06213700814189371
2.0,0.24704819695909563,-0.06657738139503389,-0.0670311235696266,-0.06657987880637384,-0.06703362098096655
2.5,0.25878233595039335,-0.08751525104170721,-0.0877517299258459,-0.08751726763039258,-0.08775374651453127
3.0,0.27554915124146584,-0.07656480371451835,-0.07664304903048791,-0.07656690803921418,-0.07664515335518374
3.5,0.2740558423962196,-0.054377643822510535,-0.05455265359712147,-0.05438044033431044,-0.05455545010892138
4.0,0.278562142359581,-0.05285414898673402,-0.05333525335756528,-0.05284991909363468,-0.05333102346446594
4.5,0.24916679377461692,0.07223034663241767,0.07187870929206674,0.0722276024208548,0.07187596508050387
