record,nominal_rest_s,voltage_v,raw_current_a,skin_c,recovery_from_last_load_v,recovery_from_first_rest_v,lower_excel_row,upper_excel_row,lower_nominal_rest_s,upper_nominal_rest_s,upper_weight
low,2.0,2.518260893561571,0.0,24.66072487447605,0.01826327774736214,0.0026380393287830373,87817,87818,1.9999,3.0007,9.99200639488299e-05
low,10.0,2.5289510969375355,0.0,24.713497161865234,0.02895348112332652,0.013328242704747417,87824,87825,9,10.0003,0.9997000899730087
low,60.0,2.557898135801607,0.0,24.65543490855611,0.05790051998739809,0.04227528156881899,87874,87875,59.0005,60.0008,0.9992002399280234
low,600.0,2.6395759638026655,0.0,24.470218658447266,0.13957834798845647,0.12395310956987737,88415,88416,599.9999,601.0007,9.992006392375628e-05
low,1800.0,2.70799183826458,0.0,24.409888057262688,0.2079942224503708,0.1923689840317917,89615,89616,1799.9999,1801.0005,9.994003595331828e-05
low,3600.0,2.7608327436966844,0.0,24.415924072370746,0.2608351278824754,0.24520988946389632,91414,91415,3599.0001,3600.0002,0.9998000199980503
high,2.0,2.768594520943301,0.0,32.34974670362663,0.2686021503378324,0.01890374984039589,24227,24228,0.9997,2.0001,0.9999000399840062
high,10.0,2.8263940965352368,0.0,32.361702664216594,0.326401725929768,0.07670332543233149,24235,24236,8.9997,10.0001,0.9999000399840067
high,60.0,2.9115864229879245,0.0,31.5452938079834,0.4115940523824557,0.1618956518850192,24285,24286,59.0003,60.0005,0.9995000999800017
high,600.0,2.976834531068349,0.0,26.31182289123535,0.4768421604628803,0.22714375996544378,24825,24826,599.0003,600.0002,0.99979997999805
high,1800.0,3.002161749332643,0.0,24.693994522094727,0.5021693787271744,0.25247097822973785,26026,26027,1799.9997,1801.0005,0.0002997601917712689
high,3600.0,3.0198078122142316,0.0,24.3732317394405,0.5198154416087628,0.2701170411113263,27825,27826,3599.0001,3600.0002,0.9998000199980503
