time_s,voltage_v,temperature_k,charge_ah,lithium_mol
0.000000000000000000e+00,4.112882330440625012e+00,2.983379405975341570e+02,0.000000000000000000e+00,2.669565878849963769e-01
1.000599999999999934e+00,4.100792411976407870e+00,2.983405764135736149e+02,1.389789019676009952e-03,2.669565878849988749e-01
2.000900000000000123e+00,4.094003116543623477e+00,2.983433478565009409e+02,2.779163048276716685e-03,2.669565878849980423e-01
3.000300000000000189e+00,4.088470676560499228e+00,2.983462534961494725e+02,4.167289697054346771e-03,2.669565878849995966e-01
4.001000000000000334e+00,4.083618732950645480e+00,2.983492926594436767e+02,5.557225275451743718e-03,2.669565878849994300e-01
5.000000000000000000e+00,4.079243374214097884e+00,2.983524488121601621e+02,6.944800080024392600e-03,2.669565878849995966e-01
5.000300000000000189e+00,4.079242117888851382e+00,2.983524497775723034e+02,6.945216768423871992e-03,2.669565878849989859e-01
6.000200000000000422e+00,4.075218480361774809e+00,2.983557240462820914e+02,8.334040499060266227e-03,2.669565878849989304e-01
7.000899999999999679e+00,4.071479338045241647e+00,2.983591098256397345e+02,9.723975416778210187e-03,2.669565878849998186e-01
8.001200000000000756e+00,4.067983726162299973e+00,2.983625969767728634e+02,1.111335675366962109e-02,2.669565878849990970e-01
9.000899999999999679e+00,4.064700848065362138e+00,2.983661788650937297e+02,1.250190632892446592e-02,2.669565878849997631e-01
1.000000000000000000e+01,4.061605218251190585e+00,2.983698498644294546e+02,1.388962200530393515e-02,2.669565878849992635e-01
1.000009999999999977e+01,4.061604917026556905e+00,2.983698502362523186e+02,1.388976090201807755e-02,2.669565878850001517e-01
1.100070000000000014e+01,4.058672092225378947e+00,2.983736130577559607e+02,1.527956234153074640e-02,2.669565878849995411e-01
1.200029999999999930e+01,4.055894144662772760e+00,2.983774534870686921e+02,1.666797633356303585e-02,2.669565878849986529e-01
1.300089999999999968e+01,4.053253421341821650e+00,2.983813745822014880e+02,1.805777727363377244e-02,2.669565878849999296e-01
1.400029999999999930e+01,4.050744516276854057e+00,2.983853633651251016e+02,1.944591048661083871e-02,2.669565878849997076e-01
1.500000000000000000e+01,4.048355222619806071e+00,2.983894216681118223e+02,2.083446333753250987e-02,2.669565878849991525e-01
1.500050000000000061e+01,4.048354056376925136e+00,2.983894237143102828e+02,2.083515782267672881e-02,2.669565878849999296e-01
1.600049999999999883e+01,4.046076785520845931e+00,2.983935477320841301e+02,2.222412732402033811e-02,2.669565878850001517e-01
1.700090000000000146e+01,4.043904189773302349e+00,2.983977342546797331e+02,2.361365175270125835e-02,2.669565878849988194e-01
1.800110000000000099e+01,4.041832190507760103e+00,2.984019773642113478e+02,2.500290005653089606e-02,2.669565878849995966e-01
1.900100000000000122e+01,4.039855073843011901e+00,2.984062733162900827e+02,2.639173268761271091e-02,2.669565878849999296e-01
2.000000000000000000e+01,4.037969239075843042e+00,2.984106163696304179e+02,2.777931491792771587e-02,2.669565878849997076e-01
2.000110000000000099e+01,4.037967209099285526e+00,2.984106211787592429e+02,2.778084278550528932e-02,2.669565878849997076e-01
2.100029999999999930e+01,4.036166051849569669e+00,2.984150132594216416e+02,2.916870340028960770e-02,2.669565878850002627e-01
2.200039999999999907e+01,4.034444650161234769e+00,2.984194547696140489e+02,3.055781382535232085e-02,2.669565878849999296e-01
2.300019999999999953e+01,4.032800846528974859e+00,2.984239378870252608e+02,3.194650497309584058e-02,2.669565878849994855e-01
2.400009999999999977e+01,4.031229530261641436e+00,2.984284621339119212e+02,3.333533754049301107e-02,2.669565878850005958e-01
2.500000000000000000e+01,4.029728065752564703e+00,2.984330249650796532e+02,3.472417200942710946e-02,2.669565878849998186e-01
2.500069999999999837e+01,4.029727037814931023e+00,2.984330281724151632e+02,3.472514428963323352e-02,2.669565878849991525e-01
2.600019999999999953e+01,4.028291788475529600e+00,2.984376258488144913e+02,3.611342087575526716e-02,2.669565878849997631e-01
2.700029999999999930e+01,4.026917365830664508e+00,2.984422613124752388e+02,3.750252959756411597e-02,2.669565878850007068e-01
2.800100000000000122e+01,4.025600515593849238e+00,2.984469331539555697e+02,3.889247052346261196e-02,2.669565878850003737e-01
2.900049999999999883e+01,4.024339289787528529e+00,2.984516317064008035e+02,4.028074427598099527e-02,2.669565878850003737e-01
3.000000000000000000e+01,4.023129650220921505e+00,2.984563614881954550e+02,4.166901831393549083e-02,2.669565878849997076e-01
3.000049999999999883e+01,4.023129057409066789e+00,2.984563638619200674e+02,4.166971279832552139e-02,2.669565878849999296e-01
3.100100000000000122e+01,4.021966600521821533e+00,2.984611287270736852e+02,4.305937841886591649e-02,2.669565878850003737e-01
3.200010000000000332e+01,4.020852832557947565e+00,2.984659163323838698e+02,4.444709879504559619e-02,2.669565878850001517e-01
3.300070000000000192e+01,4.019781477227837740e+00,2.984707397387672358e+02,4.583689910169980175e-02,2.669565878850003182e-01
3.400039999999999907e+01,4.018753762404957186e+00,2.984755866742726766e+02,4.722545386935932815e-02,2.669565878849999296e-01
3.500000000000000000e+01,4.017768008889445852e+00,2.984804601733896448e+02,4.861387257718384480e-02,2.669565878849997631e-01
3.500010000000000332e+01,4.017767912321101420e+00,2.984804606622591905e+02,4.861401147452783233e-02,2.669565878849995966e-01
3.600019999999999953e+01,4.016822065216047122e+00,2.984853628256078082e+02,5.000312245935734784e-02,2.669565878849998186e-01
3.700059999999999860e+01,4.015914826032878970e+00,2.984902918935254093e+02,5.139264995450554263e-02,2.669565878849997631e-01
3.800010000000000332e+01,4.015046384896137965e+00,2.984952410957075131e+02,5.278092697368448605e-02,2.669565878849999296e-01
3.900019999999999953e+01,4.014213506137779497e+00,2.985002170239423549e+02,5.417003852909103162e-02,2.669565878849993745e-01
4.000000000000000000e+01,4.013416139613395828e+00,2.985052143944844261e+02,5.555873592567022595e-02,2.669565878850000407e-01
4.000050000000000239e+01,4.013415749352098771e+00,2.985052168992671113e+02,5.555943041349586942e-02,2.669565878850002072e-01
4.100130000000000052e+01,4.012651019970340016e+00,2.985102414106179936e+02,5.694951656970921594e-02,2.669565878849994300e-01
4.200010000000000332e+01,4.011919160201525614e+00,2.985152771534577028e+02,5.833682241062815299e-02,2.669565878850001517e-01
4.300119999999999720e+01,4.011214527953526954e+00,2.985203450720674709e+02,5.972732286596599965e-02,2.669565878850002627e-01
4.400000000000000000e+01,4.010538106272807823e+00,2.985254211484442521e+02,6.111462896604361733e-02,2.669565878850005958e-01
4.500000000000000000e+01,4.009884033041274165e+00,2.985305224207485253e+02,6.250360102621267677e-02,2.669565878849989859e-01
4.500090000000000146e+01,4.009883453575938006e+00,2.985305270202939596e+02,6.250485110078535245e-02,2.669565878849997631e-01
4.600070000000000192e+01,4.009248700656414144e+00,2.985356457113380202e+02,6.389354504536608192e-02,2.669565878849993190e-01
4.700090000000000146e+01,4.008628929978268474e+00,2.985407842131111806e+02,6.528279408464332523e-02,2.669565878849985419e-01
4.800070000000000192e+01,4.008019048470355727e+00,2.985459377815128619e+02,6.667148649173830488e-02,2.669565878849999851e-01
4.900059999999999860e+01,4.007414516797430437e+00,2.985511084466058378e+02,6.806031972679719988e-02,2.669565878849995966e-01
5.000000000000000000e+01,4.006812653099320443e+00,2.985562926399619528e+02,6.944845985554917722e-02,2.669565878850003737e-01
5.000079999999999814e+01,4.006812171643026943e+00,2.985562967961607796e+02,6.944957103386502351e-02,2.669565878850005958e-01
5.100050000000000239e+01,4.006210482144004104e+00,2.985614983400955111e+02,7.083812610618216155e-02,2.669565878850003737e-01
5.200019999999999953e+01,4.005608560636679805e+00,2.985667155247555797e+02,7.222668197957637926e-02,2.669565878849995966e-01
5.300070000000000192e+01,4.005007032486787466e+00,2.985719525094701794e+02,7.361635129885360507e-02,2.669565878849996521e-01
5.400070000000000192e+01,4.004408198499012528e+00,2.985772025034419244e+02,7.500532477783483642e-02,2.669565878850014284e-01
5.500000000000000000e+01,4.003812222971363077e+00,2.985824645084960025e+02,7.639332551062365251e-02,2.669565878850003737e-01
5.500050000000000239e+01,4.003811925761564083e+00,2.985824671452819530e+02,7.639401999770138729e-02,2.669565878849993745e-01
5.600119999999999720e+01,4.003219784936613124e+00,2.985877523239312836e+02,7.778396833470317684e-02,2.669565878850000962e-01
5.700110000000000099e+01,4.002633116386963508e+00,2.985930490691141017e+02,7.917280540936956490e-02,2.669565878849998186e-01
5.800119999999999720e+01,4.002051632110166679e+00,2.985983626661968060e+02,8.056191860510988900e-02,2.669565878850001517e-01
5.900090000000000146e+01,4.001476924159622861e+00,2.986036898995070032e+02,8.195047687776789436e-02,2.669565878849999851e-01
6.000000000000000000e+01,4.000908420270191002e+00,2.986090296244584010e+02,8.333820305581178534e-02,2.669565878849995966e-01
