cell,boundary,pre_excel_row,post_excel_row,delta_current_a,delta_voltage_v,apparent_ratio_mohm,sample_gap_s,post_step_delay_s,pre_skin_temperature_c,post_skin_temperature_c,small_delta_current
k1,charge_start,3602,3603,1.6251983642578125,0.12216591835021973,75.16985066989643,1.0466400000000249,1.0001000000002023,25.10983657836914,25.09933953455614,False
k1,cv_stop,18077,18078,-0.049991440027952194,-0.0031714439392089844,63.439739632139116,1.040179999999964,0.9997999999977765,25.193572998046875,25.194759368896484,True
k1,discharge_start,21678,21679,-5.000240325927734,-0.30651021003723145,61.29909565503978,1.0455799999981537,1.0005999999993946,25.18794059753418,25.18794059753418,False
k1,discharge_stop,25069,25070,5.0003557205200195,0.34828901290893555,69.65284719238228,1.1390800000008312,1.0,31.138418197631836,31.138418197631836,False
k2,charge_start,3602,3603,1.6254215240478516,0.07754325866699219,47.706553358468604,1.0481519999998454,1.001299999999901,24.373310089111328,24.373310089111328,False
k2,cv_stop,17189,17190,-0.04999219626188278,-0.0015935897827148438,31.876770813725933,1.041111999998975,0.9998000000014144,24.4356632232666,24.4356632232666,True
k2,discharge_start,20790,20791,-5.000381946563721,-0.1584014892578125,31.67787800023287,1.046228000002884,1.0002999999996973,24.40456771850586,24.39337921142578,False
k2,discharge_stop,24226,24227,5.000402450561523,0.24969840049743652,49.93566077254371,1.1399679999994987,0.9997000000003027,32.29563522338867,32.349741952895954,False
k3,charge_start,3602,3603,1.6252222061157227,0.07683730125427246,47.27802817678293,1.0471079999997528,1.0005000000001019,24.727933883666992,24.739117507788833,False
k3,cv_stop,17079,17080,-0.04999081790447235,-0.0015392303466796875,30.790261316008248,1.040764000001218,1.0007999999979802,25.097997665405273,25.105424167100672,True
k3,discharge_start,20680,20681,-5.000280380249023,-0.16174554824829102,32.34729574109118,1.0465279999989434,1.0004999999982829,24.57969093322754,24.57969093322754,False
k3,discharge_stop,24099,24100,5.0003533363342285,0.23908400535583496,47.813422227299654,1.1389039999994566,1.0005999999993946,32.919677734375,32.919677734375,False
k4,charge_start,3602,3603,1.6252737045288086,0.07039904594421387,43.31519407964802,1.0471520000000965,1.0002999999996973,24.428281784057617,24.428281784057617,False
k4,cv_stop,16919,16920,-0.04999157041311264,-0.0015349388122558594,30.703952677854854,1.0420080000003509,1.0006999999968684,24.507129669189453,24.528573839432493,True
k4,discharge_start,20520,20521,-5.00046968460083,-0.1416621208190918,28.329762953137507,1.047127999998338,1.0010000000002037,24.462350845336914,24.462350845336914,False
k4,discharge_stop,23967,23968,5.000248432159424,0.1932697296142578,38.65202544162225,1.1379040000028908,0.9998999999988882,33.675167083740234,33.69649124145508,False
k5,charge_start,3602,3603,1.6253633499145508,0.06998682022094727,43.0591844122895,1.047207999999955,1.0005000000001019,24.75697898864746,24.75697898864746,False
k5,cv_stop,16906,16907,-0.049981970340013504,-0.00145721435546875,29.1548001320421,1.0409720000025118,1.0002000000022235,25.183198928833008,25.183198928833008,True
k5,discharge_start,20507,20508,-5.000300407409668,-0.14059066772460938,28.11644426728359,1.04457999999795,1.0002999999996973,24.65095329284668,24.618045137380605,False
k5,discharge_stop,23956,23957,5.0001678466796875,0.19487261772155762,38.97321523935659,1.1414480000021285,1.0005000000019209,35.49696731567383,35.49696731567383,False
k6,charge_start,3602,3603,1.6253032684326172,0.12215113639831543,75.15590399083705,1.0470639999998639,1.0,24.41022300720215,24.41022300720215,False
k6,cv_stop,18054,18055,-0.049998387694358826,-0.0030684471130371094,61.3709212343924,1.038700000000972,1.0005999999993946,24.50337028503418,24.50337028503418,True
k6,discharge_start,21655,21656,-5.000353813171387,-0.30343055725097656,60.68181744494017,1.0491760000004433,1.0002000000022235,24.495206832885742,24.495206832885742,False
k6,discharge_stop,25063,25064,5.0003743171691895,0.3376352787017822,67.5220008115161,1.1376600000003236,1.0004999999982829,34.95713424682617,35.00765609741211,False
