time_s,voltage_v,capacity_ah,temperature_k,lithium_inventory_mol
0.000000000000000000e+00,4.111530446012929829e+00,0.000000000000000000e+00,2.977500000000000000e+02,2.669565878849963769e-01
1.000000000000000000e+01,4.059916214951831748e+00,1.388888888888889853e-02,2.977908829967349220e+02,2.669565878849993745e-01
2.000000000000000000e+01,4.036090794701567397e+00,2.777777777777779358e-02,2.978406729893505940e+02,2.669565878850003182e-01
3.000000000000000000e+01,4.021163333370334492e+00,4.166666666666664354e-02,2.978954396461543297e+02,2.669565878850007068e-01
4.000000000000000000e+01,4.011434433349075235e+00,5.555555555555548308e-02,2.979532686568325630e+02,2.669565878850001517e-01
5.000000000000000000e+01,4.004824938062125028e+00,6.944444444444426712e-02,2.980132399590987688e+02,2.669565878849991525e-01
6.000000000000000000e+01,3.998868541126547438e+00,8.333333333333305115e-02,2.980747719107066018e+02,2.669565878850002072e-01
7.000000000000000000e+01,3.993512709578409314e+00,9.722222222222191845e-02,2.981377449656254726e+02,2.669565878849997076e-01
8.000000000000000000e+01,3.988880938617253236e+00,1.111111111111106886e-01,2.982019380179932568e+02,2.669565878850005958e-01
9.000000000000000000e+01,3.984937042861953493e+00,1.249999999999994726e-01,2.982669884900386137e+02,2.669565878850004292e-01
1.000000000000000000e+02,3.981525805108460325e+00,1.388888888888883122e-01,2.983325124964720203e+02,2.669565878850002072e-01
1.100000000000000000e+02,3.978331500140770860e+00,1.527777777777771795e-01,2.983982168074491028e+02,2.669565878849994855e-01
1.200000000000000000e+02,3.975056020330995032e+00,1.666666666666660468e-01,2.984639580656922817e+02,2.669565878849993745e-01
1.300000000000000000e+02,3.971691379554086243e+00,1.805555555555549141e-01,2.985296662764930034e+02,2.669565878849994855e-01
1.400000000000000000e+02,3.968468458687301137e+00,1.944444444444437814e-01,2.985952077441762640e+02,2.669565878849988194e-01
1.500000000000000000e+02,3.965796661018549329e+00,2.083333333333326765e-01,2.986602960679680905e+02,2.669565878849989304e-01
1.600000000000000000e+02,3.963143513190069189e+00,2.222222222222216548e-01,2.987247051952023185e+02,2.669565878850003737e-01
1.700000000000000000e+02,3.960518592016943007e+00,2.361111111111106331e-01,2.987884210396020421e+02,2.669565878849998741e-01
1.800000000000000000e+02,3.957946993101106870e+00,2.499999999999997780e-01,2.988513839935994270e+02,2.669565878849997631e-01
1.900000000000000000e+02,3.955245011434372238e+00,2.638888888888890616e-01,2.989136169517227586e+02,2.669565878849994855e-01
2.000000000000000000e+02,3.952603434980512809e+00,2.777777777777782897e-01,2.989751439896955389e+02,2.669565878850000407e-01
2.100000000000000000e+02,3.949944923559562504e+00,2.916666666666675733e-01,2.990359492150827805e+02,2.669565878850008178e-01
2.200000000000000000e+02,3.947219534955704212e+00,3.055555555555568015e-01,2.990960682552976664e+02,2.669565878849997076e-01
2.300000000000000000e+02,3.944557720403043533e+00,3.194444444444460851e-01,2.991555036324194248e+02,2.669565878849998741e-01
2.400000000000000000e+02,3.941855618564760633e+00,3.333333333333353687e-01,2.992142475391556218e+02,2.669565878850000407e-01
2.500000000000000000e+02,3.939141724141945300e+00,3.472222222222247634e-01,2.992723173086630482e+02,2.669565878849992635e-01
2.600000000000000000e+02,3.936462739372927011e+00,3.611111111111141025e-01,2.993296948145169836e+02,2.669565878849990415e-01
2.700000000000000000e+02,3.933743890454433512e+00,3.750000000000034417e-01,2.993863795428723051e+02,2.669565878850002627e-01
2.800000000000000000e+02,3.931045479412908605e+00,3.888888888888927808e-01,2.994423728705314147e+02,2.669565878850012619e-01
2.900000000000000000e+02,3.928341418722519407e+00,4.027777777777821200e-01,2.994976568532264309e+02,2.669565878850003182e-01
3.000000000000000000e+02,3.925608339956883519e+00,4.166666666666714591e-01,2.995522349209323352e+02,2.669565878850008733e-01
3.100000000000000000e+02,3.922893068338219713e+00,4.305555555555607983e-01,2.996060922488792357e+02,2.669565878850003737e-01
3.200000000000000000e+02,3.920137845285270206e+00,4.444444444444501374e-01,2.996592178398015562e+02,2.669565878850010399e-01
3.300000000000000000e+02,3.917372631296009544e+00,4.583333333333394766e-01,2.997116073412282731e+02,2.669565878849999296e-01
3.400000000000000000e+02,3.914584418023384416e+00,4.722222222222288157e-01,2.997632416432257969e+02,2.669565878850000962e-01
3.500000000000000000e+02,3.911748249975867342e+00,4.861111111111181549e-01,2.998141171473849340e+02,2.669565878849995966e-01
3.600000000000000000e+02,3.908895616469805212e+00,5.000000000000074385e-01,2.998642178586200657e+02,2.669565878850013174e-01
3.700000000000000000e+02,3.905995767756333059e+00,5.138888888888956119e-01,2.999135320254615067e+02,2.669565878850003182e-01
3.800000000000000000e+02,3.903088508343781182e+00,5.277777777777838963e-01,2.999620612911040780e+02,2.669565878849999296e-01
3.900000000000000000e+02,3.900188929761140955e+00,5.416666666666742902e-01,3.000098078444979706e+02,2.669565878849993190e-01
4.000000000000000000e+02,3.897277082318625574e+00,5.555555555555645730e-01,3.000568015120292671e+02,2.669565878850000407e-01
4.100000000000000000e+02,3.894367665417664881e+00,5.694444444444546338e-01,3.001030772764764833e+02,2.669565878850000962e-01
4.200000000000000000e+02,3.891429803093511275e+00,5.833333333333431403e-01,3.001486887798855605e+02,2.669565878850002627e-01
4.300000000000000000e+02,3.888471366038999122e+00,5.972222222222312027e-01,3.001936988155064228e+02,2.669565878850002627e-01
4.400000000000000000e+02,3.885505236676751295e+00,6.111111111111193761e-01,3.002381452363695189e+02,2.669565878849999296e-01
4.500000000000000000e+02,3.882545737099702077e+00,6.250000000000075495e-01,3.002820500444865957e+02,2.669565878849997076e-01
4.600000000000000000e+02,3.879602019061808349e+00,6.388888888888956119e-01,3.003254222029058269e+02,2.669565878850002627e-01
4.700000000000000000e+02,3.876684869973923586e+00,6.527777777777837853e-01,3.003682622449729251e+02,2.669565878850005958e-01
4.800000000000000000e+02,3.873782851676796923e+00,6.666666666666719587e-01,3.004105744429527931e+02,2.669565878850006513e-01
4.900000000000000000e+02,3.870879276267227276e+00,6.805555555555601321e-01,3.004523706825236786e+02,2.669565878849988194e-01
5.000000000000000000e+02,3.867961770735409921e+00,6.944444444444481945e-01,3.004936763705772478e+02,2.669565878849996521e-01
5.100000000000000000e+02,3.865003992916077102e+00,7.083333333333363679e-01,3.005345264682164270e+02,2.669565878849995411e-01
5.200000000000000000e+02,3.861998165336952837e+00,7.222222222222257626e-01,3.005749603814126658e+02,2.669565878849997631e-01
5.300000000000000000e+02,3.858962725456810183e+00,7.361111111111153793e-01,3.006150055060049340e+02,2.669565878849995966e-01
5.400000000000000000e+02,3.855898991109592444e+00,7.500000000000051070e-01,3.006546722669498308e+02,2.669565878850008178e-01
5.500000000000000000e+02,3.852806990907949647e+00,7.638888888888947237e-01,3.006939679277962796e+02,2.669565878849993190e-01
5.600000000000000000e+02,3.849687648723322475e+00,7.777777777777843404e-01,3.007328959926781522e+02,2.669565878850005403e-01
5.700000000000000000e+02,3.846548845473354739e+00,7.916666666666739571e-01,3.007714552170240268e+02,2.669565878849993190e-01
5.800000000000000000e+02,3.843403112521635023e+00,8.055555555555635738e-01,3.008096426406199839e+02,2.669565878849989859e-01
5.900000000000000000e+02,3.840260700278312456e+00,8.194444444444533016e-01,3.008474542930342182e+02,2.669565878849998741e-01
6.000000000000000000e+02,3.837124654611515417e+00,8.333333333333429183e-01,3.008848824297951978e+02,2.669565878850001517e-01
6.100000000000000000e+02,3.833998800072615509e+00,8.472222222222325350e-01,3.009219203778067140e+02,2.669565878849998186e-01
6.200000000000000000e+02,3.830890552774015578e+00,8.611111111111221517e-01,3.009585585655619866e+02,2.669565878849995966e-01
6.300000000000000000e+02,3.827808180496401480e+00,8.750000000000107692e-01,3.009947844418693421e+02,2.669565878850001517e-01
6.400000000000000000e+02,3.824746111042344410e+00,8.888888888888990536e-01,3.010305902700761180e+02,2.669565878849999851e-01
6.500000000000000000e+02,3.821695354265038258e+00,9.027777777777893364e-01,3.010659753978287085e+02,2.669565878850009288e-01
6.600000000000000000e+02,3.818654103148607426e+00,9.166666666666798413e-01,3.011009417904886050e+02,2.669565878849999296e-01
6.700000000000000000e+02,3.815624689186949414e+00,9.305555555555702352e-01,3.011354919720460543e+02,2.669565878850000962e-01
6.800000000000000000e+02,3.812609939318856611e+00,9.444444444444607401e-01,3.011696267045222726e+02,2.669565878850000962e-01
6.900000000000000000e+02,3.809614132991494095e+00,9.583333333333512449e-01,3.012033506862155718e+02,2.669565878849995411e-01
7.000000000000000000e+02,3.806634878552826784e+00,9.722222222222416388e-01,3.012366694274510905e+02,2.669565878849998186e-01
7.100000000000000000e+02,3.803669554553580134e+00,9.861111111111321437e-01,3.012695918723504747e+02,2.669565878850005958e-01
7.200000000000000000e+02,3.800719491645864423e+00,1.000000000000021538e+00,3.013021260232571308e+02,2.669565878850009288e-01
7.300000000000000000e+02,3.797789481897859254e+00,1.013888888888910378e+00,3.013342772397520548e+02,2.669565878849995966e-01
7.400000000000000000e+02,3.794885438336271566e+00,1.027777777777798995e+00,3.013660513200574655e+02,2.669565878849998186e-01
7.500000000000000000e+02,3.792007366477662345e+00,1.041666666666687835e+00,3.013974533675578300e+02,2.669565878850005958e-01
7.600000000000000000e+02,3.789150968864318791e+00,1.055555555555576452e+00,3.014284917898129379e+02,2.669565878849991525e-01
7.700000000000000000e+02,3.786313008153866733e+00,1.069444444444465292e+00,3.014591750826556904e+02,2.669565878850006513e-01
7.800000000000000000e+02,3.783495709233761328e+00,1.083333333333353909e+00,3.014895116049942203e+02,2.669565878849999851e-01
7.900000000000000000e+02,3.780703395693357116e+00,1.097222222222243637e+00,3.015195088110379515e+02,2.669565878849998741e-01
8.000000000000000000e+02,3.777936616161523098e+00,1.111111111111133365e+00,3.015491733428332282e+02,2.669565878849998741e-01
8.100000000000000000e+02,3.775191199302712519e+00,1.125000000000023759e+00,3.015785124354258642e+02,2.669565878850003737e-01
8.200000000000000000e+02,3.772462744241172228e+00,1.138888888888913931e+00,3.016075330135728905e+02,2.669565878850006513e-01
8.300000000000000000e+02,3.769752045553788733e+00,1.152777777777804324e+00,3.016362428422322068e+02,2.669565878850000962e-01
8.400000000000000000e+02,3.767060612472188375e+00,1.166666666666694718e+00,3.016646493501147575e+02,2.669565878850011509e-01
8.500000000000000000e+02,3.764386405477429420e+00,1.180555555555584890e+00,3.016927601197173203e+02,2.669565878850000962e-01
8.600000000000000000e+02,3.761724264812509766e+00,1.194444444444475284e+00,3.017205821655548448e+02,2.669565878849999851e-01
8.700000000000000000e+02,3.759071368813268421e+00,1.208333333333365456e+00,3.017481221470549144e+02,2.669565878850004848e-01
8.800000000000000000e+02,3.756429064568299392e+00,1.222222222222255850e+00,3.017753870792522548e+02,2.669565878850002072e-01
8.900000000000000000e+02,3.753796809077731389e+00,1.236111111111146244e+00,3.018023835935239845e+02,2.669565878850000407e-01
9.000000000000000000e+02,3.751170195661677198e+00,1.250000000000036637e+00,3.018291180111073118e+02,2.669565878849997076e-01
9.100000000000000000e+02,3.748545035191124253e+00,1.263888888888926809e+00,3.018555959215899520e+02,2.669565878849998741e-01
9.200000000000000000e+02,3.745920741514966235e+00,1.277777777777817203e+00,3.018818234038678838e+02,2.669565878849998186e-01
9.300000000000000000e+02,3.743297005754027573e+00,1.291666666666707597e+00,3.019078072035136415e+02,2.669565878849998741e-01
9.400000000000000000e+02,3.740669882046127714e+00,1.305555555555597769e+00,3.019335534711682385e+02,2.669565878849997631e-01
9.500000000000000000e+02,3.738035653074024189e+00,1.319444444444486386e+00,3.019590673660722473e+02,2.669565878849997631e-01
9.600000000000000000e+02,3.735394335428127377e+00,1.333333333333376558e+00,3.019843536952782301e+02,2.669565878850003737e-01
9.700000000000000000e+02,3.732745410151348864e+00,1.347222222222266508e+00,3.020094179315475458e+02,2.669565878850002627e-01
9.800000000000000000e+02,3.730084688186595887e+00,1.361111111111155569e+00,3.020342654640778051e+02,2.669565878849992635e-01
9.900000000000000000e+02,3.727408796526630930e+00,1.375000000000044631e+00,3.020589006525480045e+02,2.669565878850005403e-01
1.000000000000000000e+03,3.724718503226643662e+00,1.388888888888932582e+00,3.020833277254263294e+02,2.669565878849999296e-01
1.010000000000000000e+03,3.722013108318350305e+00,1.402777777777820312e+00,3.021075515105899285e+02,2.669565878849999851e-01
1.020000000000000000e+03,3.719287741994304231e+00,1.416666666666708263e+00,3.021315767038539661e+02,2.669565878850000962e-01
1.030000000000000000e+03,3.716540292733040207e+00,1.430555555555597547e+00,3.021554072307939123e+02,2.669565878850002072e-01
1.040000000000000000e+03,3.713772783450262516e+00,1.444444444444487496e+00,3.021790469726284982e+02,2.669565878849996521e-01
1.050000000000000000e+03,3.710983598100487946e+00,1.458333333333377446e+00,3.022025000994958646e+02,2.669565878849997631e-01
1.060000000000000000e+03,3.708168080150091583e+00,1.472222222222267396e+00,3.022257703360058940e+02,2.669565878849995411e-01
1.070000000000000000e+03,3.705326465336174824e+00,1.486111111111157346e+00,3.022488609870162577e+02,2.669565878850000962e-01
1.080000000000000000e+03,3.702460662955873172e+00,1.500000000000047518e+00,3.022717757858075061e+02,2.669565878850002072e-01
1.090000000000000000e+03,3.699567389344264878e+00,1.513888888888937467e+00,3.022945184037507715e+02,2.669565878850004292e-01
1.100000000000000000e+03,3.696644093901179762e+00,1.527777777777827417e+00,3.023170918679975898e+02,2.669565878850002072e-01
1.110000000000000000e+03,3.693693385267731166e+00,1.541666666666717367e+00,3.023394995151922444e+02,2.669565878849996521e-01
1.120000000000000000e+03,3.690714843196523098e+00,1.555555555555607317e+00,3.023617451542792764e+02,2.669565878850002072e-01
1.130000000000000000e+03,3.687705092199992762e+00,1.569444444444497266e+00,3.023838319395989629e+02,2.669565878850000962e-01
1.140000000000000000e+03,3.684665996291443868e+00,1.583333333333387216e+00,3.024057628188104445e+02,2.669565878850004292e-01
1.150000000000000000e+03,3.681599510127842922e+00,1.597222222222277388e+00,3.024275414783194265e+02,2.669565878849997631e-01
1.160000000000000000e+03,3.678502655880890426e+00,1.611111111111167338e+00,3.024491714016486412e+02,2.669565878850007068e-01
1.170000000000000000e+03,3.675376480020219105e+00,1.625000000000057288e+00,3.024706555494676650e+02,2.669565878850006513e-01
1.180000000000000000e+03,3.672224589591854382e+00,1.638888888888947237e+00,3.024919974925603583e+02,2.669565878850000407e-01
1.190000000000000000e+03,3.669045115183873662e+00,1.652777777777837187e+00,3.025132010140509351e+02,2.669565878849993190e-01
1.200000000000000000e+03,3.665838322796945548e+00,1.666666666666727137e+00,3.025342694552199987e+02,2.669565878849999851e-01
1.210000000000000000e+03,3.662608856313666728e+00,1.680555555555617087e+00,3.025552066695902909e+02,2.669565878849996521e-01
1.220000000000000000e+03,3.659356257319541506e+00,1.694444444444507036e+00,3.025760168874811029e+02,2.669565878849995411e-01
1.230000000000000000e+03,3.656080524519770947e+00,1.708333333333396986e+00,3.025967040610715912e+02,2.669565878849996521e-01
1.240000000000000000e+03,3.652786732621256416e+00,1.722222222222286936e+00,3.026172727097502388e+02,2.669565878849999851e-01
1.250000000000000000e+03,3.649475661185586528e+00,1.736111111111177108e+00,3.026377278900388887e+02,2.669565878849994300e-01
1.260000000000000000e+03,3.646147561662208325e+00,1.750000000000067057e+00,3.026580745517455284e+02,2.669565878850000407e-01
1.270000000000000000e+03,3.642807734511404050e+00,1.763888888888957007e+00,3.026783183504101089e+02,2.669565878850009844e-01
1.280000000000000000e+03,3.639457753842288312e+00,1.777777777777846957e+00,3.026984657442222897e+02,2.669565878850006513e-01
1.290000000000000000e+03,3.636098399927050195e+00,1.791666666666736907e+00,3.027185234934009941e+02,2.669565878849993190e-01
1.300000000000000000e+03,3.632735196993763793e+00,1.805555555555626190e+00,3.027384993683387506e+02,2.669565878850000962e-01
1.310000000000000000e+03,3.629370549457561879e+00,1.819444444444515696e+00,3.027584024024397422e+02,2.669565878850002627e-01
1.320000000000000000e+03,3.626005989637615556e+00,1.833333333333404980e+00,3.027782428636931513e+02,2.669565878850009288e-01
1.330000000000000000e+03,3.622647729078290357e+00,1.847222222222294485e+00,3.027980329271559867e+02,2.669565878850002072e-01
1.340000000000000000e+03,3.619300777555889859e+00,1.861111111111184435e+00,3.028177870650555406e+02,2.669565878850001517e-01
1.350000000000000000e+03,3.615971411079774711e+00,1.875000000000074607e+00,3.028375223131845928e+02,2.669565878850000962e-01
1.360000000000000000e+03,3.612672430409054947e+00,1.888888888888964779e+00,3.028572545990955973e+02,2.669565878850008733e-01
1.370000000000000000e+03,3.609410210471419411e+00,1.902777777777854951e+00,3.028769847860946811e+02,2.669565878850004848e-01
1.380000000000000000e+03,3.606178715121117762e+00,1.916666666666745122e+00,3.028966962762898447e+02,2.669565878850003182e-01
1.390000000000000000e+03,3.602969705706640102e+00,1.930555555555635294e+00,3.029163748987539293e+02,2.669565878849999851e-01
1.400000000000000000e+03,3.599778370013462681e+00,1.944444444444525688e+00,3.029360165108764704e+02,2.669565878849997631e-01
1.410000000000000000e+03,3.596602595747006248e+00,1.958333333333415860e+00,3.029556231614691910e+02,2.669565878850004292e-01
1.420000000000000000e+03,3.593441450666180259e+00,1.972222222222306032e+00,3.029751995051103677e+02,2.669565878850004848e-01
1.430000000000000000e+03,3.590294838244659559e+00,1.986111111111196204e+00,3.029947503680380692e+02,2.669565878849998741e-01
1.440000000000000000e+03,3.587164305673006481e+00,2.000000000000086597e+00,3.030142784630239703e+02,2.669565878850001517e-01
1.450000000000000000e+03,3.584055567998797542e+00,2.013888888888979434e+00,3.030337816544525253e+02,2.669565878850000962e-01
1.460000000000000000e+03,3.580978666729124349e+00,2.027777777777872270e+00,3.030532516262019271e+02,2.669565878850005403e-01
1.470000000000000000e+03,3.577942850829459065e+00,2.041666666666765551e+00,3.030726771788819747e+02,2.669565878850001517e-01
1.480000000000000000e+03,3.574951492104813777e+00,2.055555555555658387e+00,3.030920495420430143e+02,2.669565878849997631e-01
1.490000000000000000e+03,3.572002172147298538e+00,2.069444444444551223e+00,3.031113649044926319e+02,2.669565878850004292e-01
1.500000000000000000e+03,3.569090020086957082e+00,2.083333333333444504e+00,3.031306238531212784e+02,2.669565878849998741e-01
1.510000000000000000e+03,3.566210279717084930e+00,2.097222222222337340e+00,3.031498297674476134e+02,2.669565878849998186e-01
1.520000000000000000e+03,3.563359137816404676e+00,2.111111111111229288e+00,3.031689874443111989e+02,2.669565878849996521e-01
1.530000000000000000e+03,3.560533412070777004e+00,2.125000000000117684e+00,3.031881022440733773e+02,2.669565878850002072e-01
1.540000000000000000e+03,3.557730116887268590e+00,2.138888888889006523e+00,3.032071796782523165e+02,2.669565878849998186e-01
1.550000000000000000e+03,3.554946826738894394e+00,2.152777777777894919e+00,3.032262251719502615e+02,2.669565878850001517e-01
1.560000000000000000e+03,3.552182332132681530e+00,2.166666666666783314e+00,3.032452438414717903e+02,2.669565878849996521e-01
1.570000000000000000e+03,3.549436410599494884e+00,2.180555555555671710e+00,3.032642404129198326e+02,2.669565878849999296e-01
1.580000000000000000e+03,3.546708813267986926e+00,2.194444444444560105e+00,3.032832193253174751e+02,2.669565878850004848e-01
1.590000000000000000e+03,3.543998451278099537e+00,2.208333333333448500e+00,3.033021848947925605e+02,2.669565878850003737e-01
1.600000000000000000e+03,3.541303368807720009e+00,2.222222222222337340e+00,3.033211414056154354e+02,2.669565878849989859e-01
1.610000000000000000e+03,3.538621544104616046e+00,2.236111111111225735e+00,3.033400930604779546e+02,2.669565878850002627e-01
1.620000000000000000e+03,3.535951798027951121e+00,2.250000000000114131e+00,3.033590438824350031e+02,2.669565878850005403e-01
1.630000000000000000e+03,3.533293816674998311e+00,2.263888888889002526e+00,3.033779977262596503e+02,2.669565878850003182e-01
1.640000000000000000e+03,3.530647546647289303e+00,2.277777777777890922e+00,3.033969583880095229e+02,2.669565878850002072e-01
1.650000000000000000e+03,3.528012543090006670e+00,2.291666666666779317e+00,3.034159297095395118e+02,2.669565878849992080e-01
1.660000000000000000e+03,3.525387537588869691e+00,2.305555555555668157e+00,3.034349155993670593e+02,2.669565878850004292e-01
1.670000000000000000e+03,3.522770688517527393e+00,2.319444444444556552e+00,3.034539199238326432e+02,2.669565878850004848e-01
1.680000000000000000e+03,3.520160405068140985e+00,2.333333333333444948e+00,3.034729463828560938e+02,2.669565878849994300e-01
1.690000000000000000e+03,3.517555867037746697e+00,2.347222222222334231e+00,3.034919985013273163e+02,2.669565878849998186e-01
1.700000000000000000e+03,3.514956786852071691e+00,2.361111111111225291e+00,3.035110797063826453e+02,2.669565878850003182e-01
1.710000000000000000e+03,3.512362874074948849e+00,2.375000000000116351e+00,3.035301934195896933e+02,2.669565878850003737e-01
1.720000000000000000e+03,3.509773328049663466e+00,2.388888888889007411e+00,3.035493430571726208e+02,2.669565878850003182e-01
1.730000000000000000e+03,3.507186824894189758e+00,2.402777777777898471e+00,3.035685319097017896e+02,2.669565878849999851e-01
1.740000000000000000e+03,3.504602162899415063e+00,2.416666666666789975e+00,3.035877630403753074e+02,2.669565878850005403e-01
1.750000000000000000e+03,3.502018721410479429e+00,2.430555555555681924e+00,3.036070392961377138e+02,2.669565878850007068e-01
1.760000000000000000e+03,3.499436289383115017e+00,2.444444444444573872e+00,3.036263634013300816e+02,2.669565878850001517e-01
1.770000000000000000e+03,3.496854642780673039e+00,2.458333333333465820e+00,3.036457380281407268e+02,2.669565878849995411e-01
1.780000000000000000e+03,3.494273133446586854e+00,2.472222222222357768e+00,3.036651657517349463e+02,2.669565878849997631e-01
1.790000000000000000e+03,3.491690846580363772e+00,2.486111111111249272e+00,3.036846489352965932e+02,2.669565878850000407e-01
1.800000000000000000e+03,3.489107132723399118e+00,2.500000000000141220e+00,3.037041896787251289e+02,2.669565878849998186e-01
1.810000000000000000e+03,3.486521743374192184e+00,2.513888888889033169e+00,3.037237898783657783e+02,2.669565878850004292e-01
1.820000000000000000e+03,3.483934612737794811e+00,2.527777777777922896e+00,3.037434513047908808e+02,2.669565878849999851e-01
1.830000000000000000e+03,3.481345467896737489e+00,2.541666666666809515e+00,3.037631756066415960e+02,2.669565878850007068e-01
1.840000000000000000e+03,3.478753757303596039e+00,2.555555555555701908e+00,3.037829642221913105e+02,2.669565878850000962e-01
1.850000000000000000e+03,3.476159019948542817e+00,2.569444444444588971e+00,3.038028183160186018e+02,2.669565878850002072e-01
1.860000000000000000e+03,3.473561082545799206e+00,2.583333333333475146e+00,3.038227388152725439e+02,2.669565878850000962e-01
1.870000000000000000e+03,3.470959940773871821e+00,2.597222222222363541e+00,3.038427264715159026e+02,2.669565878850004848e-01
1.880000000000000000e+03,3.468355475123007459e+00,2.611111111111249716e+00,3.038627818746195999e+02,2.669565878850003182e-01
1.890000000000000000e+03,3.465747373594896708e+00,2.625000000000135003e+00,3.038829053860026761e+02,2.669565878850000962e-01
1.900000000000000000e+03,3.463135382641342463e+00,2.638888888889029172e+00,3.039030970986455031e+02,2.669565878850011509e-01
1.910000000000000000e+03,3.460519440033603900e+00,2.652777777777923784e+00,3.039233568657288060e+02,2.669565878850008733e-01
1.920000000000000000e+03,3.457899578316012690e+00,2.666666666666808183e+00,3.039436843510273434e+02,2.669565878849997076e-01
1.930000000000000000e+03,3.455275723983819880e+00,2.680555555555691694e+00,3.039640790293189525e+02,2.669565878850009844e-01
1.940000000000000000e+03,3.452647704539066886e+00,2.694444444444586306e+00,3.039845401442099728e+02,2.669565878850003737e-01
1.950000000000000000e+03,3.450015415317776224e+00,2.708333333333484472e+00,3.040050666993624304e+02,2.669565878850002627e-01
1.960000000000000000e+03,3.447378857524823204e+00,2.722222222222382193e+00,3.040256574948975299e+02,2.669565878850005403e-01
1.970000000000000000e+03,3.444738042265214517e+00,2.736111111111275918e+00,3.040463111620740051e+02,2.669565878849997631e-01
1.980000000000000000e+03,3.442092885155817239e+00,2.750000000000166978e+00,3.040670261606509825e+02,2.669565878849997076e-01
1.990000000000000000e+03,3.439443274504692560e+00,2.763888888889056261e+00,3.040878007693019640e+02,2.669565878850002072e-01
2.000000000000000000e+03,3.436789139346343447e+00,2.777777777777951318e+00,3.041086331108422769e+02,2.669565878850007068e-01
2.010000000000000000e+03,3.434130433686823469e+00,2.791666666666842822e+00,3.041295211964305736e+02,2.669565878850000407e-01
2.020000000000000000e+03,3.431467054139829997e+00,2.805555555555731662e+00,3.041504629598423435e+02,2.669565878850000407e-01
2.030000000000000000e+03,3.428798827597034471e+00,2.819444444444624942e+00,3.041714562792947163e+02,2.669565878849995966e-01
2.040000000000000000e+03,3.426125544289338798e+00,2.833333333333511117e+00,3.041924990159439517e+02,2.669565878850001517e-01
2.050000000000000000e+03,3.423446971202216638e+00,2.847222222222403953e+00,3.042135890786619257e+02,2.669565878849999851e-01
2.060000000000000000e+03,3.420762806195412953e+00,2.861111111111291017e+00,3.042347245034395655e+02,2.669565878850006513e-01
2.070000000000000000e+03,3.418072630592479122e+00,2.875000000000177636e+00,3.042559035390874556e+02,2.669565878850000407e-01
2.080000000000000000e+03,3.415375882313991251e+00,2.888888888889068252e+00,3.042771247500141385e+02,2.669565878850007623e-01
2.090000000000000000e+03,3.412671865556393236e+00,2.902777777777965973e+00,3.042983871603598232e+02,2.669565878850005403e-01
2.100000000000000000e+03,3.409959709786597237e+00,2.916666666666858809e+00,3.043196904541562162e+02,2.669565878849999296e-01
2.110000000000000000e+03,3.407238285941915024e+00,2.930555555555743652e+00,3.043410352236453491e+02,2.669565878850004292e-01
2.120000000000000000e+03,3.404506140117119273e+00,2.944444444444643150e+00,3.043624232722445981e+02,2.669565878850004292e-01
2.130000000000000000e+03,3.401761532652036735e+00,2.958333333333543091e+00,3.043838579908440352e+02,2.669565878850003182e-01
2.140000000000000000e+03,3.399002554947610388e+00,2.972222222222437260e+00,3.044053447713594096e+02,2.669565878849997076e-01
2.150000000000000000e+03,3.396227425566702873e+00,2.986111111111320771e+00,3.044268912370470730e+02,2.669565878850005958e-01
2.160000000000000000e+03,3.393435191470151491e+00,3.000000000000206501e+00,3.044485068445850402e+02,2.669565878850002072e-01
2.170000000000000000e+03,3.390626414958680002e+00,3.013888888889093565e+00,3.044702015197531750e+02,2.669565878850005403e-01
2.180000000000000000e+03,3.387802783611197022e+00,3.027777777777967305e+00,3.044919840006152754e+02,2.669565878849990970e-01
2.190000000000000000e+03,3.384966069955577250e+00,3.041666666666849039e+00,3.045138611653611633e+02,2.669565878850009288e-01
2.200000000000000000e+03,3.382117557686925124e+00,3.055555555555745428e+00,3.045358384165294865e+02,2.669565878850012064e-01
2.210000000000000000e+03,3.379257922132708813e+00,3.069444444444633380e+00,3.045579205523135897e+02,2.669565878849990970e-01
2.220000000000000000e+03,3.376387259409191710e+00,3.083333333333529769e+00,3.045801126284190445e+02,2.669565878850004848e-01
2.230000000000000000e+03,3.373505518752340393e+00,3.097222222222418608e+00,3.046024203002942841e+02,2.669565878850002072e-01
2.240000000000000000e+03,3.370613355107717091e+00,3.111111111111309668e+00,3.046248491554177917e+02,2.669565878849996521e-01
2.250000000000000000e+03,3.367712699622005701e+00,3.125000000000200728e+00,3.046474030822208192e+02,2.669565878849999851e-01
2.260000000000000000e+03,3.364806903874158373e+00,3.138888888889097561e+00,3.046700822458914217e+02,2.669565878849995966e-01
2.270000000000000000e+03,3.361900716900289687e+00,3.152777777777998836e+00,3.046928811523500826e+02,2.669565878850002072e-01
2.280000000000000000e+03,3.358998110922575719e+00,3.166666666666882346e+00,3.047157885884225266e+02,2.669565878850002627e-01
2.290000000000000000e+03,3.356098326633801587e+00,3.180555555555768521e+00,3.047387932695532982e+02,2.669565878849997076e-01
2.300000000000000000e+03,3.353200483776496377e+00,3.194444444444659581e+00,3.047618876842496434e+02,2.669565878850004292e-01
2.310000000000000000e+03,3.350305069150861570e+00,3.208333333333549309e+00,3.047850646514947925e+02,2.669565878849999851e-01
2.320000000000000000e+03,3.347410990939613029e+00,3.222222222222438592e+00,3.048083183342126858e+02,2.669565878849999851e-01
2.330000000000000000e+03,3.344519106547588994e+00,3.236111111111334537e+00,3.048316436777160447e+02,2.669565878849998741e-01
2.340000000000000000e+03,3.341628858173842254e+00,3.250000000000214051e+00,3.048550354279744283e+02,2.669565878849997076e-01
2.350000000000000000e+03,3.338740583336609724e+00,3.263888888889099782e+00,3.048784896996385214e+02,2.669565878850007068e-01
2.360000000000000000e+03,3.335854130199645162e+00,3.277777777777970858e+00,3.049020021240025926e+02,2.669565878849997076e-01
2.370000000000000000e+03,3.332969720321377949e+00,3.291666666666854368e+00,3.049255696773391264e+02,2.669565878850006513e-01
2.380000000000000000e+03,3.330086936732974401e+00,3.305555555555757863e+00,3.049491889709420320e+02,2.669565878850008178e-01
2.390000000000000000e+03,3.327206284811591530e+00,3.319444444444652476e+00,3.049728577553976265e+02,2.669565878850006513e-01
2.400000000000000000e+03,3.324326838975831144e+00,3.333333333333543536e+00,3.049965740594174122e+02,2.669565878850003737e-01
2.410000000000000000e+03,3.321449059508658763e+00,3.347222222222444366e+00,3.050203365019299895e+02,2.669565878850003182e-01
2.420000000000000000e+03,3.318572274990195581e+00,3.361111111111327432e+00,3.050441447918901758e+02,2.669565878850002072e-01
2.430000000000000000e+03,3.315696017200017387e+00,3.375000000000222045e+00,3.050679987147831866e+02,2.669565878850002072e-01
2.440000000000000000e+03,3.312820571170201678e+00,3.388888888889121542e+00,3.050918992129894036e+02,2.669565878849999851e-01
2.450000000000000000e+03,3.309944753010277907e+00,3.402777777778012602e+00,3.051158480451119885e+02,2.669565878850005958e-01
2.460000000000000000e+03,3.307068013071225998e+00,3.416666666666894780e+00,3.051398472921431448e+02,2.669565878849985419e-01
2.470000000000000000e+03,3.304190557643678972e+00,3.430555555555773406e+00,3.051639003050973997e+02,2.669565878849998741e-01
2.480000000000000000e+03,3.301311104196314794e+00,3.444444444444656916e+00,3.051880114588943798e+02,2.669565878850002627e-01
2.490000000000000000e+03,3.298428521015317472e+00,3.458333333333543091e+00,3.052121854327396591e+02,2.669565878849995966e-01
2.500000000000000000e+03,3.295542938125995747e+00,3.472222222222439036e+00,3.052364280288371674e+02,2.669565878849995411e-01
2.510000000000000000e+03,3.292653344592901377e+00,3.486111111111336758e+00,3.052607463343726408e+02,2.669565878850009288e-01
2.520000000000000000e+03,3.289758086359892086e+00,3.500000000000213607e+00,3.052851479996401167e+02,2.669565878849990970e-01
2.530000000000000000e+03,3.286856548363652486e+00,3.513888888889098006e+00,3.053096415393878260e+02,2.669565878849993190e-01
2.540000000000000000e+03,3.283948081989489953e+00,3.527777777777981516e+00,3.053342367994547999e+02,2.669565878850008178e-01
2.550000000000000000e+03,3.281031008174674746e+00,3.541666666666889896e+00,3.053589446043669113e+02,2.669565878850003737e-01
2.560000000000000000e+03,3.278103746666081619e+00,3.555555555555772518e+00,3.053837765115494562e+02,2.669565878849993745e-01
2.570000000000000000e+03,3.275165405579008926e+00,3.569444444444657805e+00,3.054087452288550821e+02,2.669565878850002072e-01
2.580000000000000000e+03,3.272214582972067909e+00,3.583333333333522663e+00,3.054338647687988555e+02,2.669565878850003737e-01
2.590000000000000000e+03,3.269249122469532143e+00,3.597222222222411947e+00,3.054591501476799635e+02,2.669565878849995411e-01
2.600000000000000000e+03,3.266266913494994206e+00,3.611111111111302563e+00,3.054846173402414138e+02,2.669565878850003182e-01
2.610000000000000000e+03,3.263266179138375023e+00,3.625000000000193623e+00,3.055102835404309189e+02,2.669565878850003182e-01
2.620000000000000000e+03,3.260244816343414787e+00,3.638888888889086903e+00,3.055361673155550761e+02,2.669565878850002627e-01
2.630000000000000000e+03,3.257199997101559497e+00,3.652777777777982404e+00,3.055622885340742982e+02,2.669565878849999296e-01
2.640000000000000000e+03,3.254128373623006443e+00,3.666666666666866803e+00,3.055886683289578514e+02,2.669565878849998741e-01
2.650000000000000000e+03,3.251026359397689802e+00,3.680555555555767189e+00,3.056153292443697751e+02,2.669565878849999851e-01
2.660000000000000000e+03,3.247889939147639460e+00,3.694444444444651143e+00,3.056422954462324810e+02,2.669565878849999296e-01
2.670000000000000000e+03,3.244714290847988458e+00,3.708333333333546200e+00,3.056695928970426053e+02,2.669565878850004292e-01
2.680000000000000000e+03,3.241493415018188884e+00,3.722222222222451027e+00,3.056972495288334812e+02,2.669565878849997631e-01
2.690000000000000000e+03,3.238219829870865318e+00,3.736111111111322991e+00,3.057252955070030680e+02,2.669565878850002072e-01
2.700000000000000000e+03,3.234884108631507438e+00,3.750000000000207390e+00,3.057537636443830706e+02,2.669565878849989304e-01
2.710000000000000000e+03,3.231474121162487556e+00,3.763888888889094897e+00,3.057826900276253923e+02,2.669565878850007068e-01
2.720000000000000000e+03,3.227973895378637437e+00,3.777777777777976631e+00,3.058121149478108691e+02,2.669565878850005958e-01
2.730000000000000000e+03,3.224361568949201562e+00,3.791666666666867691e+00,3.058420843910656686e+02,2.669565878849998186e-01
2.740000000000000000e+03,3.220605869263871490e+00,3.805555555555756975e+00,3.058726527820659271e+02,2.669565878849992080e-01
2.750000000000000000e+03,3.216660879501895387e+00,3.819444444444644926e+00,3.059038884384938228e+02,2.669565878849997076e-01
2.760000000000000000e+03,3.212465147564656842e+00,3.833333333333533322e+00,3.059358867639397204e+02,2.669565878850007623e-01
2.770000000000000000e+03,3.208020044848333363e+00,3.847222222222429266e+00,3.059688032153449058e+02,2.669565878850000407e-01
2.780000000000000000e+03,3.203847492261383767e+00,3.861111111111326100e+00,3.060028534353497207e+02,2.669565878850004848e-01
2.790000000000000000e+03,3.200113665951538344e+00,3.875000000000216716e+00,3.060380456927019281e+02,2.669565878850002627e-01
2.800000000000000000e+03,3.196378038665901755e+00,3.888888888889107776e+00,3.060743157807474404e+02,2.669565878850010399e-01
2.810000000000000000e+03,3.192524767736064639e+00,3.902777777777987733e+00,3.061116906327328593e+02,2.669565878850000962e-01
2.820000000000000000e+03,3.188772296032391207e+00,3.916666666666879681e+00,3.061501850538377880e+02,2.669565878849998741e-01
2.830000000000000000e+03,3.185377282281355971e+00,3.930555555555767633e+00,3.061896678644983467e+02,2.669565878849998741e-01
2.840000000000000000e+03,3.182232787318702627e+00,3.944444444444654252e+00,3.062299665551058183e+02,2.669565878850008733e-01
2.850000000000000000e+03,3.179081143588239122e+00,3.958333333333527104e+00,3.062710008698594493e+02,2.669565878849995411e-01
2.860000000000000000e+03,3.175458947158832146e+00,3.972222222222417276e+00,3.063128844843245133e+02,2.669565878850000962e-01
2.870000000000000000e+03,3.171818900893669912e+00,3.986111111111312333e+00,3.063557262118071662e+02,2.669565878850002627e-01
2.880000000000000000e+03,3.168003985302783931e+00,4.000000000000199840e+00,3.063995489926485334e+02,2.669565878850002072e-01
2.890000000000000000e+03,3.164185140691354814e+00,4.013888888889066919e+00,3.064443758817790240e+02,2.669565878849999851e-01
2.900000000000000000e+03,3.160228540561658583e+00,4.027777777777948209e+00,3.064902302352612651e+02,2.669565878850000407e-01
2.910000000000000000e+03,3.156162079580052016e+00,4.041666666666833052e+00,3.065371310472418145e+02,2.669565878849998186e-01
2.920000000000000000e+03,3.152011472388322133e+00,4.055555555555725888e+00,3.065851082561495673e+02,2.669565878849997631e-01
2.930000000000000000e+03,3.147699327345193865e+00,4.069444444444625830e+00,3.066341856950448346e+02,2.669565878850007068e-01
2.940000000000000000e+03,3.143222056548729437e+00,4.083333333333512449e+00,3.066843905393981800e+02,2.669565878849996521e-01
2.950000000000000000e+03,3.138588311967600575e+00,4.097222222222397292e+00,3.067357519319673997e+02,2.669565878850007068e-01
2.960000000000000000e+03,3.133769276698552098e+00,4.111111111111281247e+00,3.067882979568110500e+02,2.669565878850000407e-01
2.970000000000000000e+03,3.128734360816226800e+00,4.125000000000164313e+00,3.068420565415732995e+02,2.669565878850004292e-01
2.980000000000000000e+03,3.123458598560034716e+00,4.138888888889033169e+00,3.068970555714294619e+02,2.669565878850001517e-01
2.990000000000000000e+03,3.117918872730368385e+00,4.152777777777923340e+00,3.069533223417046770e+02,2.669565878849997631e-01
3.000000000000000000e+03,3.112091330296679725e+00,4.166666666666824170e+00,3.070108831730107113e+02,2.669565878850004292e-01
3.010000000000000000e+03,3.105951553280114741e+00,4.180555555555722336e+00,3.070697632593789876e+02,2.669565878850003182e-01
3.020000000000000000e+03,3.099475987413835565e+00,4.194444444444625830e+00,3.071299867796537910e+02,2.669565878850010399e-01
3.030000000000000000e+03,3.092643594194823375e+00,4.208333333333499127e+00,3.071915770439895255e+02,2.669565878849999296e-01
3.040000000000000000e+03,3.085437401632427523e+00,4.222222222222382193e+00,3.072545567698455216e+02,2.669565878849997076e-01
3.050000000000000000e+03,3.077845691519314641e+00,4.236111111111270588e+00,3.073189483605996202e+02,2.669565878850002072e-01
3.060000000000000000e+03,3.069862224728224120e+00,4.250000000000145661e+00,3.073847740738079892e+02,2.669565878850000407e-01
3.070000000000000000e+03,3.061485727846052551e+00,4.263888888889052708e+00,3.074520559320237680e+02,2.669565878850007623e-01
3.080000000000000000e+03,3.052721021325662143e+00,4.277777777777946433e+00,3.075208153801281128e+02,2.669565878850001517e-01
3.090000000000000000e+03,3.043580467058170314e+00,4.291666666666833940e+00,3.075910727242930420e+02,2.669565878849996521e-01
3.100000000000000000e+03,3.034081908133138050e+00,4.305555555555714342e+00,3.076628463096531050e+02,2.669565878850007623e-01
3.110000000000000000e+03,3.024244545629525049e+00,4.319444444444614284e+00,3.077361511536419130e+02,2.669565878850005958e-01
3.120000000000000000e+03,3.014088362828552636e+00,4.333333333333478699e+00,3.078109974186059503e+02,2.669565878850000407e-01
3.130000000000000000e+03,3.003631716682447106e+00,4.347222222222373311e+00,3.078873888061333446e+02,2.669565878850005403e-01
3.140000000000000000e+03,2.992886378874171971e+00,4.361111111111263483e+00,3.079653206346872025e+02,2.669565878850005403e-01
3.150000000000000000e+03,2.981855136388893435e+00,4.375000000000141220e+00,3.080447778355984383e+02,2.669565878849995966e-01
3.160000000000000000e+03,2.970527656066924038e+00,4.388888888889049156e+00,3.081257328006680609e+02,2.669565878850000407e-01
3.170000000000000000e+03,2.958877215573140873e+00,4.402777777777941992e+00,3.082081430336767767e+02,2.669565878849999296e-01
3.180000000000000000e+03,2.946856930286784859e+00,4.416666666666841046e+00,3.082919485690496799e+02,2.669565878849994855e-01
3.190000000000000000e+03,2.934395714770798413e+00,4.430555555555738323e+00,3.083770690952300129e+02,2.669565878850004848e-01
3.200000000000000000e+03,2.921393345090287585e+00,4.444444444444621389e+00,3.084634007909141928e+02,2.669565878850003182e-01
3.210000000000000000e+03,2.907714192397733655e+00,4.458333333333518667e+00,3.085508129717933912e+02,2.669565878850002072e-01
3.220000000000000000e+03,2.893179019487012393e+00,4.472222222222391075e+00,3.086391448496206067e+02,2.669565878850004292e-01
3.230000000000000000e+03,2.877554283964761872e+00,4.486111111111251049e+00,3.087282029312695499e+02,2.669565878850003737e-01
3.240000000000000000e+03,2.860538500625331437e+00,4.500000000000143885e+00,3.088177600061829366e+02,2.669565878849995411e-01
3.250000000000000000e+03,2.841745260429381581e+00,4.513888888889026951e+00,3.089075570191718612e+02,2.669565878849994855e-01
3.260000000000000000e+03,2.820682250564992888e+00,4.527777777777908241e+00,3.089973093338611534e+02,2.669565878849994300e-01
3.270000000000000000e+03,2.796724797381736849e+00,4.541666666666814400e+00,3.090867186687162871e+02,2.669565878849999296e-01
3.280000000000000000e+03,2.769080936922251990e+00,4.555555555555693914e+00,3.091754912633346066e+02,2.669565878850001517e-01
3.290000000000000000e+03,2.736742955174854330e+00,4.569444444444591191e+00,3.092633619121619972e+02,2.669565878849993190e-01
3.300000000000000000e+03,2.698417928679099465e+00,4.583333333333483139e+00,3.093501230189520470e+02,2.669565878850002072e-01
3.310000000000000000e+03,2.652426764994102015e+00,4.597222222222375088e+00,3.094356583544344517e+02,2.669565878850000962e-01
3.320000000000000000e+03,2.596556506471825010e+00,4.611111111111239502e+00,3.095199827971271702e+02,2.669565878850006513e-01
3.330000000000000000e+03,2.527842296140625500e+00,4.625000000000119016e+00,3.096032922172585700e+02,2.669565878850005958e-01
3.333506160869620999e+03,2.499999999999707789e+00,4.629869667874591421e+00,3.096323347558411001e+02,2.669565878849992080e-01
